{"stat.useItem.minecraft.command_block":67,"stat.craftItem.minecraft.stone_shovel":2,"stat.craftItem.minecraft.furnace":2,"stat.craftItem.minecraft.mushroom_stew":16,"stat.walkOneCm":59952,"stat.craftItem.minecraft.bucket":2,"achievement.openInventory":44,"stat.craftItem.minecraft.planks":84,"stat.useItem.minecraft.repeater":6,"stat.leaveGame":2,"stat.craftItem.minecraft.stone_axe":2,"stat.craftItem.minecraft.iron_boots":2,"stat.craftItem.minecraft.crafting_table":2,"stat.craftItem.minecraft.stone_pickaxe":2,"stat.craftItem.minecraft.boat":1,"stat.craftItem.minecraft.stone_sword":2,"stat.flyOneCm":10774,"stat.drop":14,"stat.jump":96,"stat.playOneMinute":18767,"stat.useItem.minecraft.redstone":51,"stat.craftItem.minecraft.iron_leggings":2,"stat.craftItem.minecraft.iron_chestplate":2,"stat.crouchOneCm":3910,"stat.craftItem.minecraft.bowl":16,"stat.timeSinceDeath":18767,"stat.useItem.minecraft.stone_button":4,"stat.craftItem.minecraft.iron_helmet":2,"stat.useItem.minecraft.crafting_table":4,"stat.sprintOneCm":30992,"stat.craftItem.minecraft.wooden_pickaxe":2,"achievement.exploreAllBiomes":{"value":0,"progress":["Desert"]},"stat.useItem.minecraft.sandstone":10,"stat.craftItem.minecraft.stick":32,"stat.craftingTableInteraction":7}